{"cameraMode":{"drawMode":0,"name":"Shaded","section":"Shading Mode"},"sceneLighting":true,"audioPlay":false,"sceneViewState":{"m_AlwaysRefresh":false,"showFog":true,"showSkybox":true,"showFlares":true,"showImageEffects":true,"showParticleSystems":true,"showVisualEffectGraphs":true,"m_FxEnabled":true},"in2DMode":false,"pivot":{"x":-2.172086477279663,"y":-11.463825225830079,"z":16.433351516723634},"rotation":{"x":0.3053421974182129,"y":0.028551258146762849,"z":-0.009166527539491654,"w":0.9515992999076843},"size":11.660796165466309,"orthographic":false}