{"cameraMode":{"drawMode":0,"name":"Shaded","section":"Shading Mode"},"sceneLighting":false,"audioPlay":false,"sceneViewState":{"m_AlwaysRefresh":false,"showFog":true,"showSkybox":false,"showFlares":true,"showImageEffects":true,"showParticleSystems":true,"showVisualEffectGraphs":true,"m_FxEnabled":true},"in2DMode":false,"pivot":{"x":-0.13712060451507569,"y":1.3481945991516114,"z":-2.2858099937438967},"rotation":{"x":-0.3036622107028961,"y":-0.04941768944263458,"z":0.015784289687871934,"w":-0.951271653175354},"size":0.3460021913051605,"orthographic":false}