{"cameraMode":{"drawMode":0,"name":"Shaded","section":"Shading Mode"},"sceneLighting":true,"audioPlay":false,"sceneViewState":{"showFog":true,"showMaterialUpdate":false,"showSkybox":true,"showFlares":true,"showImageEffects":true,"showParticleSystems":true},"in2DMode":false,"pivot":{"x":-4.3846116065979,"y":12.989537239074707,"z":-14.147665023803711},"rotation":{"x":-0.36388492584228518,"y":-0.11221092939376831,"z":0.04420965909957886,"w":-0.9236027598381043},"size":6.1119065284729,"orthographic":false}