{"cameraMode":{"drawMode":0,"name":"Shaded","section":"Shading Mode"},"sceneLighting":false,"audioPlay":false,"sceneViewState":{"showFog":true,"showMaterialUpdate":false,"showSkybox":true,"showFlares":true,"showImageEffects":true,"showParticleSystems":true},"in2DMode":false,"pivot":{"x":-2.062770366668701,"y":2.0199999809265138,"z":-4.013615608215332},"rotation":{"x":-0.2641206979751587,"y":-0.010995305143296719,"z":0.003011662047356367,"w":-0.9644222855567932},"size":5.228281021118164,"orthographic":false}