{"cameraMode":{"drawMode":0,"name":"Shaded","section":"Shading Mode"},"sceneLighting":true,"audioPlay":false,"sceneViewState":{"showFog":true,"showMaterialUpdate":false,"showSkybox":true,"showFlares":true,"showImageEffects":true,"showParticleSystems":true},"in2DMode":false,"pivot":{"x":-4.063649654388428,"y":-2.7751808166503908,"z":14.675189971923829},"rotation":{"x":0.2723280191421509,"y":-0.05885428935289383,"z":0.01668769307434559,"w":0.9602579474449158},"size":22.0,"orthographic":false}