{"cameraMode":{"drawMode":0,"name":"Shaded","section":"Shading Mode"},"sceneLighting":false,"audioPlay":false,"sceneViewState":{"m_AlwaysRefresh":false,"showFog":true,"showSkybox":false,"showFlares":true,"showImageEffects":true,"showParticleSystems":true,"showVisualEffectGraphs":true,"m_FxEnabled":true},"in2DMode":false,"pivot":{"x":-2.664485216140747,"y":2.1581149101257326,"z":-4.9061479568481449},"rotation":{"x":0.25974875688552859,"y":0.5820912718772888,"z":-0.20354562997817994,"w":0.7431275844573975},"size":1.6180334091186524,"orthographic":false}